Graph_Size,Relation
10,38.288985016249526
20,23.140250772695577
40,14.192655377634088
100,5.952485171021195
200,2.654746679227101
400,1.096926884082526
1000,0.24025869196645291
