Graph_Size,Relation
10,63.304954731196766
20,35.544923468891895
40,21.940047439959795
100,9.545533555503665
200,4.272637016152675
400,1.812092334837837
1000,0.37799100055503804
